year,month,project,downloads
2018,10,altair,2694
2018,10,beautifulsoup,70695
2018,10,bokeh,90988
2018,10,dash,17344
2018,10,django,659797
2018,10,flask,1733294
2018,10,keras,389033
2018,10,lightgbm,65148
2018,10,matplotlib,1124270
2018,10,numpy,3714962
2018,10,pandas,1768236
2018,10,plotly,251566
2018,10,pymc3,8785
2018,10,pyspark,110424
2018,10,pytorch,5068
2018,10,scikit-learn,1482778
2018,10,scipy,1350634
2018,10,scrapy,75267
2018,10,seaborn,169453
2018,10,selenium,451705
2018,10,streamlit,1624
2018,10,tensorflow,584107
2018,10,torch,52226
2018,10,xgboost,257195
2018,11,altair,9381
2018,11,beautifulsoup,317501
2018,11,bokeh,426048
2018,11,dash,74680
2018,11,django,2630899
2018,11,flask,6114795
2018,11,keras,1435265
2018,11,lightgbm,237788
2018,11,matplotlib,4125413
2018,11,numpy,13715484
2018,11,pandas,6893065
2018,11,plotly,923045
2018,11,pymc3,33861
2018,11,pyspark,567104
2018,11,pytorch,23344
2018,11,scikit-learn,4474535
2018,11,scipy,5064019
2018,11,scrapy,286269
2018,11,seaborn,700450
2018,11,selenium,1872144
2018,11,streamlit,4493
2018,11,tensorflow,2266951
2018,11,torch,240308
2018,11,xgboost,899865
2018,12,altair,9470
2018,12,beautifulsoup,353241
2018,12,bokeh,340952
2018,12,dash,71446
2018,12,django,2405201
2018,12,flask,5744618
2018,12,keras,1415726
2018,12,lightgbm,198538
2018,12,matplotlib,3473729
2018,12,numpy,12093715
2018,12,pandas,6650292
2018,12,plotly,856092
2018,12,pymc3,33578
2018,12,pyspark,555925
2018,12,pytorch,20630
2018,12,scikit-learn,4262882
2018,12,scipy,5053556
2018,12,scrapy,272364
2018,12,seaborn,722105
2018,12,selenium,2015948
2018,12,streamlit,7419
2018,12,tensorflow,2186424
2018,12,torch,403516
2018,12,xgboost,850581
2019,1,altair,14299
2019,1,beautifulsoup,268235
2019,1,bokeh,392855
2019,1,dash,86023
2019,1,django,2801048
2019,1,flask,8298547
2019,1,keras,1745570
2019,1,lightgbm,216345
2019,1,matplotlib,3938743
2019,1,numpy,14634795
2019,1,pandas,8338684
2019,1,plotly,995351
2019,1,pymc3,44452
2019,1,pyspark,629688
2019,1,pytorch,24589
2019,1,scikit-learn,6007809
2019,1,scipy,6074141
2019,1,scrapy,293040
2019,1,seaborn,792419
2019,1,selenium,2192507
2019,1,streamlit,7507
2019,1,tensorflow,2938590
2019,1,torch,422418
2019,1,xgboost,1020334
2019,2,altair,14306
2019,2,beautifulsoup,250593
2019,2,bokeh,402483
2019,2,dash,76245
2019,2,django,2739622
2019,2,flask,8167667
2019,2,keras,1621469
2019,2,lightgbm,272258
2019,2,matplotlib,4333697
2019,2,numpy,17545629
2019,2,pandas,10122282
2019,2,plotly,992548
2019,2,pymc3,38565
2019,2,pyspark,676695
2019,2,pytorch,21738
2019,2,scikit-learn,7111801
2019,2,scipy,7223290
2019,2,scrapy,390020
2019,2,seaborn,798827
2019,2,selenium,2382776
2019,2,streamlit,4408
2019,2,tensorflow,2499191
2019,2,torch,408794
2019,2,xgboost,1124488
2019,3,altair,17387
2019,3,beautifulsoup,252691
2019,3,bokeh,404462
2019,3,dash,111610
2019,3,django,3060883
2019,3,flask,9949344
2019,3,keras,1675911
2019,3,lightgbm,352852
2019,3,matplotlib,7703170
2019,3,numpy,19622475
2019,3,pandas,10124652
2019,3,plotly,1120799
2019,3,pymc3,44714
2019,3,pyspark,815129
2019,3,pytorch,28205
2019,3,scikit-learn,7947348
2019,3,scipy,7925007
2019,3,scrapy,395747
2019,3,seaborn,908477
2019,3,selenium,2514250
2019,3,streamlit,4489
2019,3,tensorflow,3231622
2019,3,torch,483803
2019,3,xgboost,1370223
2019,4,altair,17006
2019,4,beautifulsoup,281351
2019,4,bokeh,367506
2019,4,dash,71699
2019,4,django,2813991
2019,4,flask,8287575
2019,4,keras,1479082
2019,4,lightgbm,372149
2019,4,matplotlib,6704397
2019,4,numpy,15169975
2019,4,pandas,8435308
2019,4,plotly,1043054
2019,4,pymc3,36419
2019,4,pyspark,918832
2019,4,pytorch,24741
2019,4,scikit-learn,6100683
2019,4,scipy,7237304
2019,4,scrapy,437428
2019,4,seaborn,951935
2019,4,selenium,1879920
2019,4,streamlit,3785
2019,4,tensorflow,2769662
2019,4,torch,405788
2019,4,xgboost,1234150
2019,5,altair,27563
2019,5,beautifulsoup,254582
2019,5,bokeh,411515
2019,5,dash,101524
2019,5,django,3313499
2019,5,flask,9759598
2019,5,keras,1873789
2019,5,lightgbm,454902
2019,5,matplotlib,7625851
2019,5,numpy,20413249
2019,5,pandas,12224712
2019,5,plotly,1255729
2019,5,pymc3,36568
2019,5,pyspark,1102248
2019,5,pytorch,36120
2019,5,scikit-learn,6864192
2019,5,scipy,9742091
2019,5,scrapy,297429
2019,5,seaborn,1564607
2019,5,selenium,2160857
2019,5,streamlit,3591
2019,5,tensorflow,3462475
2019,5,torch,543871
2019,5,xgboost,1533806
2019,6,altair,33269
2019,6,beautifulsoup,247802
2019,6,bokeh,370521
2019,6,dash,105101
2019,6,django,3583423
2019,6,flask,9348091
2019,6,keras,1793736
2019,6,lightgbm,460428
2019,6,matplotlib,7647998
2019,6,numpy,22238193
2019,6,pandas,14458929
2019,6,plotly,1255121
2019,6,pymc3,37915
2019,6,pyspark,1287130
2019,6,pytorch,35541
2019,6,scikit-learn,7998416
2019,6,scipy,10596229
2019,6,scrapy,242388
2019,6,seaborn,1924171
2019,6,selenium,2032180
2019,6,streamlit,4483
2019,6,tensorflow,3382165
2019,6,torch,543576
2019,6,xgboost,1508048
2019,7,altair,44112
2019,7,beautifulsoup,229783
2019,7,bokeh,429651
2019,7,dash,136996
2019,7,django,3763787
2019,7,flask,10899391
2019,7,keras,2128429
2019,7,lightgbm,823482
2019,7,matplotlib,8899291
2019,7,numpy,24102174
2019,7,pandas,16723351
2019,7,plotly,1566969
2019,7,pymc3,39324
2019,7,pyspark,1537829
2019,7,pytorch,35967
2019,7,scikit-learn,8687559
2019,7,scipy,11121112
2019,7,scrapy,613707
2019,7,seaborn,2188912
2019,7,selenium,2416506
2019,7,streamlit,5547
2019,7,tensorflow,4268647
2019,7,torch,805958
2019,7,xgboost,1699072
2019,8,altair,52403
2019,8,beautifulsoup,207181
2019,8,bokeh,552967
2019,8,dash,128910
2019,8,django,3535659
2019,8,flask,10264673
2019,8,keras,2143283
2019,8,lightgbm,909114
2019,8,matplotlib,7038849
2019,8,numpy,26020863
2019,8,pandas,16220489
2019,8,plotly,1742750
2019,8,pymc3,41608
2019,8,pyspark,1817457
2019,8,pytorch,28708
2019,8,scikit-learn,7278648
2019,8,scipy,10354646
2019,8,scrapy,848037
2019,8,seaborn,1762506
2019,8,selenium,2378638
2019,8,streamlit,3922
2019,8,tensorflow,4018782
2019,8,torch,815652
2019,8,xgboost,1712493
2019,9,altair,48645
2019,9,beautifulsoup,202863
2019,9,bokeh,605933
2019,9,dash,122075
2019,9,django,3826485
2019,9,flask,10021296
2019,9,keras,2136461
2019,9,lightgbm,989897
2019,9,matplotlib,6757977
2019,9,numpy,28716230
2019,9,pandas,17136259
2019,9,plotly,1832494
2019,9,pymc3,38531
2019,9,pyspark,2088741
2019,9,pytorch,29817
2019,9,scikit-learn,7816388
2019,9,scipy,10223682
2019,9,scrapy,593410
2019,9,seaborn,1468544
2019,9,selenium,2523212
2019,9,streamlit,3672
2019,9,tensorflow,3736299
2019,9,torch,663326
2019,9,xgboost,1845130
2019,10,altair,72627
2019,10,beautifulsoup,217561
2019,10,bokeh,745622
2019,10,dash,176203
2019,10,django,3999603
2019,10,flask,10996377
2019,10,keras,2273920
2019,10,lightgbm,1235503
2019,10,matplotlib,7586836
2019,10,numpy,33069320
2019,10,pandas,18560890
2019,10,plotly,2057488
2019,10,pymc3,42100
2019,10,pyspark,2466990
2019,10,pytorch,34855
2019,10,scikit-learn,8724922
2019,10,scipy,11330231
2019,10,scrapy,662630
2019,10,seaborn,1598534
2019,10,selenium,2581565
2019,10,streamlit,25330
2019,10,tensorflow,4409836
2019,10,torch,830663
2019,10,xgboost,2239164
2019,11,altair,70243
2019,11,beautifulsoup,211126
2019,11,bokeh,662308
2019,11,dash,164908
2019,11,django,4026996
2019,11,flask,10452115
2019,11,keras,2254694
2019,11,lightgbm,1296401
2019,11,matplotlib,7671029
2019,11,numpy,38659877
2019,11,pandas,17252501
2019,11,plotly,1987780
2019,11,pymc3,58999
2019,11,pyspark,2390346
2019,11,pytorch,36695
2019,11,scikit-learn,8812375
2019,11,scipy,12821878
2019,11,scrapy,411055
2019,11,seaborn,1390461
2019,11,selenium,2814162
2019,11,streamlit,19906
2019,11,tensorflow,4530435
2019,11,torch,845711
2019,11,xgboost,2315625
2019,12,altair,101076
2019,12,beautifulsoup,297053
2019,12,bokeh,643152
2019,12,dash,157618
2019,12,django,4071449
2019,12,flask,10289820
2019,12,keras,2262036
2019,12,lightgbm,1362878
2019,12,matplotlib,7463747
2019,12,numpy,46427231
2019,12,pandas,16913260
2019,12,plotly,1957776
2019,12,pymc3,63084
2019,12,pyspark,2583515
2019,12,pytorch,32650
2019,12,scikit-learn,13406009
2019,12,scipy,13204714
2019,12,scrapy,360893
2019,12,seaborn,1355813
2019,12,selenium,2843786
2019,12,streamlit,20706
2019,12,tensorflow,5610760
2019,12,torch,898889
2019,12,xgboost,2314167
2020,1,altair,155662
2020,1,beautifulsoup,312540
2020,1,bokeh,998152
2020,1,dash,181789
2020,1,django,4559020
2020,1,flask,12241607
2020,1,keras,2287734
2020,1,lightgbm,1590153
2020,1,matplotlib,8389314
2020,1,numpy,50317197
2020,1,pandas,18316558
2020,1,plotly,2189814
2020,1,pymc3,66275
2020,1,pyspark,3102835
2020,1,pytorch,31212
2020,1,scikit-learn,14772081
2020,1,scipy,16424779
2020,1,scrapy,412158
2020,1,seaborn,1529544
2020,1,selenium,2502023
2020,1,streamlit,29835
2020,1,tensorflow,6332941
2020,1,torch,1068063
2020,1,xgboost,2890261
2020,2,altair,177288
2020,2,beautifulsoup,240441
2020,2,bokeh,924814
2020,2,dash,202680
2020,2,django,4976414
2020,2,flask,12386143
2020,2,keras,2626121
2020,2,lightgbm,2120128
2020,2,matplotlib,9325354
2020,2,numpy,39071806
2020,2,pandas,19065749
2020,2,plotly,2286037
2020,2,pymc3,65125
2020,2,pyspark,3168089
2020,2,pytorch,33755
2020,2,scikit-learn,14136835
2020,2,scipy,16452631
2020,2,scrapy,449530
2020,2,seaborn,1541698
2020,2,selenium,2602972
2020,2,streamlit,70370
2020,2,tensorflow,6833978
2020,2,torch,1074074
2020,2,xgboost,2737226
2020,3,altair,322711
2020,3,beautifulsoup,243622
2020,3,bokeh,1023817
2020,3,dash,248777
2020,3,django,5727589
2020,3,flask,14306929
2020,3,keras,2777268
2020,3,lightgbm,4881942
2020,3,matplotlib,9838934
2020,3,numpy,40641035
2020,3,pandas,22643094
2020,3,plotly,2675486
2020,3,pymc3,87346
2020,3,pyspark,3557320
2020,3,pytorch,35795
2020,3,scikit-learn,15226152
2020,3,scipy,18201342
2020,3,scrapy,461309
2020,3,seaborn,1753925
2020,3,selenium,3110204
2020,3,streamlit,76017
2020,3,tensorflow,8895453
2020,3,torch,1502680
2020,3,xgboost,3342421
2020,4,altair,391446
2020,4,beautifulsoup,195637
2020,4,bokeh,831833
2020,4,dash,285523
2020,4,django,5517819
2020,4,flask,15253703
2020,4,keras,2592667
2020,4,lightgbm,4805309
2020,4,matplotlib,11295127
2020,4,numpy,40563331
2020,4,pandas,23400289
2020,4,plotly,2890053
2020,4,pymc3,87070
2020,4,pyspark,3520205
2020,4,pytorch,37518
2020,4,scikit-learn,13330237
2020,4,scipy,20104423
2020,4,scrapy,430835
2020,4,seaborn,1988964
2020,4,selenium,3390095
2020,4,streamlit,71499
2020,4,tensorflow,10289879
2020,4,torch,1472276
2020,4,xgboost,2537788
2020,5,altair,540266
2020,5,beautifulsoup,257857
2020,5,bokeh,851734
2020,5,dash,313499
2020,5,django,5017043
2020,5,flask,14497982
2020,5,keras,2637276
2020,5,lightgbm,3579412
2020,5,matplotlib,11469747
2020,5,numpy,39077774
2020,5,pandas,23372402
2020,5,plotly,3312972
2020,5,pymc3,98836
2020,5,pyspark,4143833
2020,5,pytorch,38038
2020,5,scikit-learn,13282055
2020,5,scipy,23805202
2020,5,scrapy,357612
2020,5,seaborn,1985781
2020,5,selenium,3389322
2020,5,streamlit,79856
2020,5,tensorflow,13641486
2020,5,torch,1643262
2020,5,xgboost,3043752
2020,6,altair,565433
2020,6,beautifulsoup,319697
2020,6,bokeh,921829
2020,6,dash,329680
2020,6,django,5636885
2020,6,flask,13530087
2020,6,keras,2709611
2020,6,lightgbm,1882907
2020,6,matplotlib,10897157
2020,6,numpy,39351778
2020,6,pandas,25285032
2020,6,plotly,3455673
2020,6,pymc3,110651
2020,6,pyspark,5839836
2020,6,pytorch,37040
2020,6,scikit-learn,11606691
2020,6,scipy,21267970
2020,6,scrapy,395278
2020,6,seaborn,2042174
2020,6,selenium,3551393
2020,6,streamlit,110263
2020,6,tensorflow,11959059
2020,6,torch,1846227
2020,6,xgboost,3067186
2020,7,altair,700680
2020,7,beautifulsoup,447090
2020,7,bokeh,1191055
2020,7,dash,348059
2020,7,django,5468709
2020,7,flask,14095278
2020,7,keras,3399554
2020,7,lightgbm,2042952
2020,7,matplotlib,10703915
2020,7,numpy,46009236
2020,7,pandas,28129323
2020,7,plotly,3645270
2020,7,pymc3,126210
2020,7,pyspark,6700965
2020,7,pytorch,39007
2020,7,scikit-learn,13530162
2020,7,scipy,23674362
2020,7,scrapy,339237
2020,7,seaborn,2092918
2020,7,selenium,3752361
2020,7,streamlit,178158
2020,7,tensorflow,14034648
2020,7,torch,1917181
2020,7,xgboost,3346164
2020,8,altair,787574
2020,8,beautifulsoup,419912
2020,8,bokeh,1287113
2020,8,dash,342758
2020,8,django,5134498
2020,8,flask,14207282
2020,8,keras,3069756
2020,8,lightgbm,2021503
2020,8,matplotlib,11127731
2020,8,numpy,63331762
2020,8,pandas,29943867
2020,8,plotly,3682251
2020,8,pymc3,144498
2020,8,pyspark,7097735
2020,8,pytorch,41449
2020,8,scikit-learn,12933308
2020,8,scipy,18414594
2020,8,scrapy,324239
2020,8,seaborn,2128108
2020,8,selenium,3942343
2020,8,streamlit,234147
2020,8,tensorflow,11475816
2020,8,torch,2042679
2020,8,xgboost,3409740
2020,9,altair,759164
2020,9,beautifulsoup,545595
2020,9,bokeh,1562990
2020,9,dash,353803
2020,9,django,5681088
2020,9,flask,14442223
2020,9,keras,2610125
2020,9,lightgbm,2028052
2020,9,matplotlib,13731016
2020,9,numpy,61847719
2020,9,pandas,32608810
2020,9,plotly,3829663
2020,9,pymc3,137287
2020,9,pyspark,7062674
2020,9,pytorch,38287
2020,9,scikit-learn,14480839
2020,9,scipy,19261750
2020,9,scrapy,1134776
2020,9,seaborn,2610037
2020,9,selenium,4215627
2020,9,streamlit,148690
2020,9,tensorflow,11734840
2020,9,torch,2148279
2020,9,xgboost,3963748
2020,10,altair,846334
2020,10,beautifulsoup,679569
2020,10,bokeh,1570456
2020,10,dash,378212
2020,10,django,6439712
2020,10,flask,15811689
2020,10,keras,2661650
2020,10,lightgbm,2024529
2020,10,matplotlib,14695388
2020,10,numpy,61294035
2020,10,pandas,40063993
2020,10,plotly,4093743
2020,10,pymc3,164622
2020,10,pyspark,9679279
2020,10,pytorch,41067
2020,10,scikit-learn,15036998
2020,10,scipy,19906559
2020,10,scrapy,1700976
2020,10,seaborn,2813728
2020,10,selenium,4547485
2020,10,streamlit,153525
2020,10,tensorflow,13243130
2020,10,torch,2442328
2020,10,xgboost,4195209
2020,11,altair,878721
2020,11,beautifulsoup,670241
2020,11,bokeh,1665698
2020,11,dash,375379
2020,11,django,6150691
2020,11,flask,16272459
2020,11,keras,2945933
2020,11,lightgbm,2114499
2020,11,matplotlib,14152907
2020,11,numpy,58590804
2020,11,pandas,36084384
2020,11,plotly,4299819
2020,11,pymc3,176533
2020,11,pyspark,9638413
2020,11,pytorch,45632
2020,11,scikit-learn,14724152
2020,11,scipy,19579392
2020,11,scrapy,1051717
2020,11,seaborn,2814460
2020,11,selenium,4431138
2020,11,streamlit,181752
2020,11,tensorflow,12700306
2020,11,torch,2443642
2020,11,xgboost,4188172
2020,12,altair,988045
2020,12,beautifulsoup,680430
2020,12,bokeh,1602073
2020,12,dash,396391
2020,12,django,6216022
2020,12,flask,17304161
2020,12,keras,2972147
2020,12,lightgbm,2142096
2020,12,matplotlib,13982381
2020,12,numpy,58851854
2020,12,pandas,37235132
2020,12,plotly,4358205
2020,12,pymc3,191070
2020,12,pyspark,9625260
2020,12,pytorch,38004
2020,12,scikit-learn,15114225
2020,12,scipy,20895671
2020,12,scrapy,881995
2020,12,seaborn,3233612
2020,12,selenium,5316154
2020,12,streamlit,181665
2020,12,tensorflow,9903285
2020,12,torch,2748040
2020,12,xgboost,4088157
2021,1,altair,1047247
2021,1,beautifulsoup,499079
2021,1,bokeh,1621646
2021,1,dash,386202
2021,1,django,6141972
2021,1,flask,18269237
2021,1,keras,2906360
2021,1,lightgbm,2218327
2021,1,matplotlib,15427880
2021,1,numpy,61220438
2021,1,pandas,38813789
2021,1,plotly,4205321
2021,1,pymc3,199778
2021,1,pyspark,10469476
2021,1,pytorch,35310
2021,1,scikit-learn,16395403
2021,1,scipy,23171198
2021,1,scrapy,1288512
2021,1,seaborn,3183565
2021,1,selenium,5980962
2021,1,streamlit,199258
2021,1,tensorflow,8194753
2021,1,torch,2654663
2021,1,xgboost,4053886
2021,2,altair,1030807
2021,2,beautifulsoup,459909
2021,2,bokeh,1277219
2021,2,dash,375823
2021,2,django,6520269
2021,2,flask,18210851
2021,2,keras,2911491
2021,2,lightgbm,2305189
2021,2,matplotlib,16056558
2021,2,numpy,60018900
2021,2,pandas,39955590
2021,2,plotly,4466414
2021,2,pymc3,197771
2021,2,pyspark,9344142
2021,2,pytorch,32202
2021,2,scikit-learn,16653410
2021,2,scipy,23341606
2021,2,scrapy,2113205
2021,2,seaborn,3561783
2021,2,selenium,6260934
2021,2,streamlit,213709
2021,2,tensorflow,8594055
2021,2,torch,2835915
2021,2,xgboost,4175893
2021,3,altair,1195959
2021,3,beautifulsoup,604579
2021,3,bokeh,1443920
2021,3,dash,450956
2021,3,django,7946031
2021,3,flask,22553775
2021,3,keras,3118447
2021,3,lightgbm,3323781
2021,3,matplotlib,18130216
2021,3,numpy,73280530
2021,3,pandas,47419314
2021,3,plotly,5559108
2021,3,polars,5049
2021,3,pymc3,246324
2021,3,pyspark,9862189
2021,3,pytorch,45495
2021,3,scikit-learn,20442784
2021,3,scipy,27042125
2021,3,scrapy,800018
2021,3,seaborn,5093280
2021,3,selenium,7527245
2021,3,streamlit,279006
2021,3,tensorflow,9963298
2021,3,torch,3703159
2021,3,xgboost,4988642
2021,4,altair,1233256
2021,4,beautifulsoup,576465
2021,4,bokeh,1426245
2021,4,dash,452608
2021,4,django,7503247
2021,4,flask,22430242
2021,4,keras,3185226
2021,4,lightgbm,3794414
2021,4,matplotlib,19567185
2021,4,numpy,70926265
2021,4,pandas,46373579
2021,4,plotly,5244421
2021,4,polars,6644
2021,4,pymc3,201691
2021,4,pyspark,9830232
2021,4,pytorch,43211
2021,4,scikit-learn,22240938
2021,4,scipy,29071104
2021,4,scrapy,783551
2021,4,seaborn,4876295
2021,4,selenium,6593578
2021,4,streamlit,248107
2021,4,tensorflow,9772313
2021,4,torch,3826051
2021,4,xgboost,5179933
2021,5,altair,1660284
2021,5,beautifulsoup,565301
2021,5,bokeh,1451538
2021,5,dash,496401
2021,5,django,7527528
2021,5,flask,25379557
2021,5,keras,3344734
2021,5,lightgbm,3936986
2021,5,matplotlib,20994773
2021,5,numpy,75956148
2021,5,pandas,49452022
2021,5,plotly,5385701
2021,5,polars,7694
2021,5,pymc3,233777
2021,5,pyspark,10204563
2021,5,pytorch,40714
2021,5,scikit-learn,22352209
2021,5,scipy,29636565
2021,5,scrapy,858681
2021,5,seaborn,5072389
2021,5,selenium,6358975
2021,5,streamlit,307087
2021,5,tensorflow,10425398
2021,5,torch,3848061
2021,5,xgboost,5307629
2021,6,altair,1709114
2021,6,beautifulsoup,467197
2021,6,bokeh,1927736
2021,6,dash,556502
2021,6,django,7813858
2021,6,flask,32268549
2021,6,keras,3286443
2021,6,lightgbm,3597102
2021,6,matplotlib,24654256
2021,6,numpy,79594702
2021,6,pandas,53244773
2021,6,plotly,5761428
2021,6,polars,11426
2021,6,pymc3,428618
2021,6,pyspark,11473457
2021,6,pytorch,38529
2021,6,scikit-learn,25288409
2021,6,scipy,32447674
2021,6,scrapy,961523
2021,6,seaborn,8123597
2021,6,selenium,6186153
2021,6,streamlit,338990
2021,6,tensorflow,9998343
2021,6,torch,4574555
2021,6,xgboost,6283900
2021,7,altair,1865585
2021,7,beautifulsoup,411110
2021,7,bokeh,1678912
2021,7,dash,613838
2021,7,django,7109153
2021,7,flask,54667522
2021,7,keras,3491124
2021,7,lightgbm,4553228
2021,7,matplotlib,27768443
2021,7,numpy,80566322
2021,7,pandas,64570113
2021,7,plotly,5863371
2021,7,polars,21130
2021,7,pymc3,537420
2021,7,pyspark,11930604
2021,7,pytorch,37884
2021,7,scikit-learn,26506847
2021,7,scipy,31818999
2021,7,scrapy,1759703
2021,7,seaborn,9211201
2021,7,selenium,8000174
2021,7,streamlit,401807
2021,7,tensorflow,10710702
2021,7,torch,4523819
2021,7,xgboost,5924069
2021,8,altair,2469551
2021,8,beautifulsoup,403184
2021,8,bokeh,1752825
2021,8,dash,651698
2021,8,django,7073367
2021,8,flask,52827923
2021,8,keras,5084494
2021,8,lightgbm,10887741
2021,8,matplotlib,30959146
2021,8,numpy,86202648
2021,8,pandas,85667789
2021,8,plotly,8520302
2021,8,polars,26183
2021,8,pymc3,287799
2021,8,pyspark,13355505
2021,8,pytorch,35087
2021,8,scikit-learn,26259569
2021,8,scipy,31762357
2021,8,scrapy,1753573
2021,8,seaborn,10381145
2021,8,selenium,8048073
2021,8,streamlit,478368
2021,8,tensorflow,11876382
2021,8,torch,5059963
2021,8,xgboost,7169719
2021,9,altair,2790098
2021,9,beautifulsoup,405322
2021,9,bokeh,1694882
2021,9,dash,678431
2021,9,django,7389453
2021,9,flask,52105836
2021,9,keras,5830728
2021,9,lightgbm,12433072
2021,9,matplotlib,28402870
2021,9,numpy,85958252
2021,9,pandas,85187757
2021,9,plotly,13904367
2021,9,polars,28269
2021,9,pymc3,266349
2021,9,pyspark,13616517
2021,9,pytorch,39358
2021,9,scikit-learn,22685075
2021,9,scipy,29734652
2021,9,scrapy,1553694
2021,9,seaborn,13396818
2021,9,selenium,8672868
2021,9,streamlit,618661
2021,9,tensorflow,11810319
2021,9,torch,4953132
2021,9,xgboost,7522673
2021,10,altair,3119651
2021,10,beautifulsoup,477908
2021,10,bokeh,1920837
2021,10,dash,783665
2021,10,django,7430559
2021,10,flask,60933329
2021,10,keras,6435065
2021,10,lightgbm,17475568
2021,10,matplotlib,33554105
2021,10,numpy,94881500
2021,10,pandas,83025294
2021,10,plotly,18688855
2021,10,polars,34132
2021,10,pymc3,285449
2021,10,pyspark,14396151
2021,10,pytorch,42664
2021,10,scikit-learn,24527818
2021,10,scipy,32555732
2021,10,scrapy,1206506
2021,10,seaborn,17351322
2021,10,selenium,9724726
2021,10,streamlit,598237
2021,10,tensorflow,12207820
2021,10,torch,6038645
2021,10,xgboost,8574093
2021,11,altair,3695765
2021,11,beautifulsoup,485491
2021,11,bokeh,2073432
2021,11,dash,870314
2021,11,django,7091254
2021,11,flask,47387032
2021,11,keras,7409668
2021,11,lightgbm,11279651
2021,11,matplotlib,27161139
2021,11,numpy,89299781
2021,11,pandas,68842407
2021,11,plotly,8989054
2021,11,polars,38926
2021,11,pymc3,267985
2021,11,pyspark,15097777
2021,11,pytorch,48188
2021,11,scikit-learn,24733171
2021,11,scipy,33287539
2021,11,scrapy,1229040
2021,11,seaborn,7892324
2021,11,selenium,8684271
2021,11,streamlit,674036
2021,11,tensorflow,13400547
2021,11,torch,6130752
2021,11,xgboost,8891153
2021,12,altair,3912037
2021,12,beautifulsoup,473972
2021,12,bokeh,2011993
2021,12,dash,1154238
2021,12,django,6528626
2021,12,flask,43572804
2021,12,keras,7487157
2021,12,lightgbm,10627291
2021,12,matplotlib,25436779
2021,12,numpy,87362025
2021,12,pandas,71295265
2021,12,plotly,7707810
2021,12,polars,54363
2021,12,pymc3,261183
2021,12,pyspark,15367170
2021,12,pytorch,45960
2021,12,scikit-learn,23775938
2021,12,scipy,30936298
2021,12,scrapy,829724
2021,12,seaborn,6381570
2021,12,selenium,7789051
2021,12,streamlit,641779
2021,12,tensorflow,14951839
2021,12,torch,6246364
2021,12,xgboost,8669064
2022,1,altair,4341302
2022,1,beautifulsoup,521712
2022,1,bokeh,2422226
2022,1,dash,958074
2022,1,django,7145762
2022,1,flask,45276240
2022,1,keras,7360623
2022,1,lightgbm,11276795
2022,1,matplotlib,27282326
2022,1,numpy,93544085
2022,1,pandas,75761486
2022,1,plotly,6773482
2022,1,polars,55753
2022,1,pymc3,300997
2022,1,pyspark,16794349
2022,1,pytorch,44527
2022,1,scikit-learn,25716608
2022,1,scipy,34267479
2022,1,scrapy,698990
2022,1,seaborn,6004771
2022,1,selenium,8459137
2022,1,streamlit,819471
2022,1,tensorflow,15886200
2022,1,torch,5950910
2022,1,xgboost,8447996
2022,2,altair,4975446
2022,2,beautifulsoup,530073
2022,2,bokeh,3752342
2022,2,dash,800840
2022,2,django,7114131
2022,2,flask,39070384
2022,2,keras,8385075
2022,2,lightgbm,5294706
2022,2,matplotlib,22598820
2022,2,numpy,92061041
2022,2,pandas,70359763
2022,2,plotly,6778479
2022,2,polars,57102
2022,2,pymc3,284879
2022,2,pyspark,16878103
2022,2,pytorch,43260
2022,2,scikit-learn,25198486
2022,2,scipy,33881861
2022,2,scrapy,672859
2022,2,seaborn,6861142
2022,2,selenium,9760188
2022,2,streamlit,797565
2022,2,tensorflow,14837906
2022,2,torch,6469865
2022,2,xgboost,7529347
2022,3,altair,6090388
2022,3,beautifulsoup,677767
2022,3,bokeh,5185620
2022,3,dash,974866
2022,3,django,8082044
2022,3,flask,49736793
2022,3,keras,9236138
2022,3,lightgbm,6994975
2022,3,matplotlib,26232721
2022,3,numpy,109236564
2022,3,pandas,84984997
2022,3,plotly,7886518
2022,3,polars,75512
2022,3,pymc3,338026
2022,3,pyspark,19681796
2022,3,pytorch,53169
2022,3,scikit-learn,32038020
2022,3,scipy,40698419
2022,3,scrapy,828295
2022,3,seaborn,8129253
2022,3,selenium,13394395
2022,3,streamlit,1026406
2022,3,tensorflow,16116993
2022,3,torch,8117637
2022,3,xgboost,8250707
2022,4,altair,6403092
2022,4,beautifulsoup,502248
2022,4,bokeh,4713893
2022,4,dash,840729
2022,4,django,7334585
2022,4,flask,58781326
2022,4,keras,8713808
2022,4,lightgbm,7173108
2022,4,matplotlib,26393672
2022,4,numpy,108251445
2022,4,pandas,83453672
2022,4,plotly,7169783
2022,4,polars,67683
2022,4,pymc3,357651
2022,4,pyspark,20032733
2022,4,pytorch,52974
2022,4,scikit-learn,32584425
2022,4,scipy,41457696
2022,4,scrapy,839507
2022,4,seaborn,8328132
2022,4,selenium,10537209
2022,4,streamlit,1009110
2022,4,tensorflow,14178608
2022,4,torch,7777921
2022,4,xgboost,7574092
2022,5,altair,8918074
2022,5,beautifulsoup,484019
2022,5,bokeh,2630330
2022,5,dash,888577
2022,5,django,7871407
2022,5,flask,71598296
2022,5,keras,11056170
2022,5,lightgbm,7493339
2022,5,matplotlib,29877705
2022,5,numpy,119091376
2022,5,pandas,91258146
2022,5,plotly,7852078
2022,5,polars,81571
2022,5,pymc3,358629
2022,5,pyspark,21360696
2022,5,pytorch,50883
2022,5,scikit-learn,35395928
2022,5,scipy,45954611
2022,5,scrapy,1094404
2022,5,seaborn,10063278
2022,5,selenium,10930267
2022,5,streamlit,987457
2022,5,tensorflow,17921819
2022,5,torch,9919024
2022,5,xgboost,10396473
2022,6,altair,7654700
2022,6,beautifulsoup,495721
2022,6,bokeh,2899701
2022,6,dash,923313
2022,6,django,8520654
2022,6,flask,74628298
2022,6,keras,9801290
2022,6,lightgbm,6516356
2022,6,matplotlib,29003316
2022,6,numpy,119231948
2022,6,pandas,91388266
2022,6,plotly,7797601
2022,6,polars,113851
2022,6,pymc3,394243
2022,6,pyspark,24143375
2022,6,pytorch,46945
2022,6,scikit-learn,33290520
2022,6,scipy,43897354
2022,6,scrapy,1350759
2022,6,seaborn,9101655
2022,6,selenium,11679493
2022,6,streamlit,890159
2022,6,tensorflow,17547922
2022,6,torch,8965492
2022,6,xgboost,8836993
2022,7,altair,7691584
2022,7,beautifulsoup,500619
2022,7,bokeh,3077957
2022,7,dash,977150
2022,7,django,8230256
2022,7,flask,77138655
2022,7,keras,8290125
2022,7,lightgbm,5911967
2022,7,matplotlib,26527632
2022,7,numpy,129844225
2022,7,pandas,102287359
2022,7,plotly,8052511
2022,7,polars,153103
2022,7,pymc3,398690
2022,7,pyspark,24217220
2022,7,pytorch,46733
2022,7,scikit-learn,30477339
2022,7,scipy,40486368
2022,7,scrapy,1414018
2022,7,seaborn,7018954
2022,7,selenium,11278567
2022,7,streamlit,873029
2022,7,tensorflow,14444056
2022,7,torch,7757088
2022,7,xgboost,8172786
2022,8,altair,7538779
2022,8,beautifulsoup,536627
2022,8,bokeh,4101064
2022,8,dash,1059204
2022,8,django,8927227
2022,8,flask,98035158
2022,8,keras,8723513
2022,8,lightgbm,6398440
2022,8,matplotlib,29214417
2022,8,numpy,138019261
2022,8,pandas,106361778
2022,8,plotly,8782486
2022,8,polars,151348
2022,8,pymc3,423774
2022,8,pyspark,25743571
2022,8,pytorch,47576
2022,8,scikit-learn,32871907
2022,8,scipy,44885628
2022,8,scrapy,1384301
2022,8,seaborn,8196368
2022,8,selenium,12372966
2022,8,streamlit,835274
2022,8,tensorflow,14064052
2022,8,torch,8921416
2022,8,xgboost,8613004
2022,9,altair,8388565
2022,9,beautifulsoup,563903
2022,9,bokeh,3414026
2022,9,dash,1218194
2022,9,django,8920972
2022,9,flask,111874176
2022,9,keras,9665498
2022,9,lightgbm,7397619
2022,9,matplotlib,29209883
2022,9,numpy,136641393
2022,9,pandas,104694049
2022,9,plotly,7625664
2022,9,polars,149987
2022,9,pymc3,353540
2022,9,pyspark,26089608
2022,9,pytorch,52468
2022,9,scikit-learn,33555228
2022,9,scipy,45851227
2022,9,scrapy,1341306
2022,9,seaborn,9156338
2022,9,selenium,14695401
2022,9,streamlit,959083
2022,9,tensorflow,15570264
2022,9,torch,8012156
2022,9,xgboost,8271237
2022,10,altair,9030377
2022,10,beautifulsoup,591923
2022,10,bokeh,3186252
2022,10,dash,1083883
2022,10,django,8889979
2022,10,flask,113178826
2022,10,keras,10312518
2022,10,lightgbm,7225364
2022,10,matplotlib,30669940
2022,10,numpy,139379190
2022,10,pandas,104151710
2022,10,plotly,7997534
2022,10,polars,152665
2022,10,pymc3,320367
2022,10,pyspark,27043534
2022,10,pytorch,58341
2022,10,scikit-learn,37160039
2022,10,scipy,46832854
2022,10,scrapy,1567743
2022,10,seaborn,8637089
2022,10,selenium,13746954
2022,10,streamlit,876492
2022,10,tensorflow,15861084
2022,10,torch,8596369
2022,10,xgboost,8503822
2022,11,altair,9038217
2022,11,beautifulsoup,622409
2022,11,bokeh,3595172
2022,11,dash,1072848
2022,11,django,9061842
2022,11,flask,96009034
2022,11,keras,9624088
2022,11,lightgbm,6630664
2022,11,matplotlib,32300156
2022,11,numpy,134565898
2022,11,pandas,103609625
2022,11,plotly,8554224
2022,11,polars,188422
2022,11,pymc3,383994
2022,11,pyspark,27412827
2022,11,pytorch,64678
2022,11,scikit-learn,33972092
2022,11,scipy,45014790
2022,11,scrapy,1246594
2022,11,seaborn,8411858
2022,11,selenium,13100189
2022,11,streamlit,1022540
2022,11,tensorflow,15352744
2022,11,torch,8733056
2022,11,xgboost,8620555
2022,12,altair,9806795
2022,12,beautifulsoup,652517
2022,12,bokeh,3449320
2022,12,dash,911705
2022,12,django,8089881
2022,12,flask,67885767
2022,12,keras,10037721
2022,12,lightgbm,6252652
2022,12,matplotlib,30523501
2022,12,numpy,134659731
2022,12,pandas,104881374
2022,12,plotly,7050181
2022,12,polars,213307
2022,12,pymc3,364201
2022,12,pyspark,26709931
2022,12,pytorch,57383
2022,12,scikit-learn,34131338
2022,12,scipy,46080133
2022,12,scrapy,1231156
2022,12,seaborn,8538787
2022,12,selenium,11640820
2022,12,streamlit,1042685
2022,12,tensorflow,15781945
2022,12,torch,8536492
2022,12,xgboost,8636385
2023,1,altair,9699117
2023,1,beautifulsoup,722175
2023,1,bokeh,4055311
2023,1,dash,1143664
2023,1,django,9723999
2023,1,flask,74408539
2023,1,keras,10507033
2023,1,lightgbm,6559938
2023,1,matplotlib,32634643
2023,1,numpy,145803082
2023,1,pandas,110420320
2023,1,plotly,7538032
2023,1,polars,327545
2023,1,pymc3,359815
2023,1,pyspark,27173357
2023,1,pytorch,63751
2023,1,scikit-learn,36176875
2023,1,scipy,50686570
2023,1,scrapy,1173029
2023,1,seaborn,9817452
2023,1,selenium,13471375
2023,1,streamlit,1048048
2023,1,tensorflow,16332201
2023,1,torch,8768096
2023,1,xgboost,9235076
2023,2,altair,9594422
2023,2,beautifulsoup,701954
2023,2,bokeh,3201462
2023,2,dash,1144856
2023,2,django,9275076
2023,2,flask,64832664
2023,2,keras,9731580
2023,2,lightgbm,5729511
2023,2,matplotlib,30075178
2023,2,numpy,137955242
2023,2,pandas,102283461
2023,2,plotly,7320299
2023,2,polars,423961
2023,2,pymc3,289277
2023,2,pyspark,23657682
2023,2,pytorch,73075
2023,2,scikit-learn,33612233
2023,2,scipy,47596043
2023,2,scrapy,895819
2023,2,seaborn,8708979
2023,2,selenium,12173021
2023,2,streamlit,1265810
2023,2,tensorflow,15470405
2023,2,torch,7944016
2023,2,xgboost,8713141
2023,3,altair,11071664
2023,3,beautifulsoup,970707
2023,3,bokeh,3648887
2023,3,dash,1487300
2023,3,django,10407624
2023,3,flask,69061093
2023,3,keras,11429369
2023,3,lightgbm,6417894
2023,3,matplotlib,36713319
2023,3,numpy,157359945
2023,3,pandas,116966062
2023,3,plotly,8636007
2023,3,polars,541848
2023,3,pymc3,301967
2023,3,pyspark,26296861
2023,3,pytorch,90909
2023,3,scikit-learn,40160802
2023,3,scipy,58424907
2023,3,scrapy,985539
2023,3,seaborn,9671228
2023,3,selenium,13986033
2023,3,streamlit,1543360
2023,3,tensorflow,18004238
2023,3,torch,10073820
2023,3,xgboost,9107743
2023,4,altair,11278711
2023,4,beautifulsoup,722766
2023,4,bokeh,3367402
2023,4,dash,1580824
2023,4,django,9352656
2023,4,flask,56588412
2023,4,keras,9442286
2023,4,lightgbm,5451119
2023,4,matplotlib,32391802
2023,4,numpy,143252122
2023,4,pandas,108957911
2023,4,plotly,8140988
2023,4,polars,526308
2023,4,pymc3,290424
2023,4,pyspark,23914603
2023,4,pytorch,86418
2023,4,scikit-learn,34984501
2023,4,scipy,53729847
2023,4,scrapy,857430
2023,4,seaborn,8581862
2023,4,selenium,13624875
2023,4,streamlit,1628939
2023,4,tensorflow,15204529
2023,4,torch,9691408
2023,4,xgboost,8400562
2023,5,altair,12464390
2023,5,beautifulsoup,714557
2023,5,bokeh,3507723
2023,5,dash,1546161
2023,5,django,10088507
2023,5,flask,59607601
2023,5,keras,10433972
2023,5,lightgbm,6108409
2023,5,matplotlib,33867931
2023,5,numpy,152967725
2023,5,pandas,117986664
2023,5,plotly,8228884
2023,5,polars,616831
2023,5,pymc3,402206
2023,5,pyspark,25332619
2023,5,pytorch,201422
2023,5,scikit-learn,37095690
2023,5,scipy,57284660
2023,5,scrapy,887020
2023,5,seaborn,9187911
2023,5,selenium,16805071
2023,5,streamlit,1890497
2023,5,tensorflow,15885002
2023,5,torch,10759546
2023,5,xgboost,8957102
2023,6,altair,12434788
2023,6,beautifulsoup,861434
2023,6,bokeh,3312786
2023,6,dash,1702178
2023,6,django,10016349
2023,6,flask,74794222
2023,6,keras,9735393
2023,6,lightgbm,6022682
2023,6,matplotlib,31583284
2023,6,numpy,157504347
2023,6,pandas,122569751
2023,6,plotly,9239262
2023,6,polars,758520
2023,6,pymc3,410970
2023,6,pyspark,25369716
2023,6,pytorch,203683
2023,6,scikit-learn,36080073
2023,6,scipy,54789748
2023,6,scrapy,963027
2023,6,seaborn,9998462
2023,6,selenium,12489434
2023,6,streamlit,1861896
2023,6,tensorflow,15669428
2023,6,torch,10523605
2023,6,xgboost,9404981
2023,7,altair,13369331
2023,7,beautifulsoup,841244
2023,7,bokeh,3287506
2023,7,dash,1926975
2023,7,django,10845493
2023,7,flask,93409639
2023,7,keras,10207612
2023,7,lightgbm,6607005
2023,7,matplotlib,34649935
2023,7,numpy,170118146
2023,7,pandas,129400998
2023,7,plotly,10519907
2023,7,polars,876528
2023,7,pymc3,373690
2023,7,pyspark,26216935
2023,7,pytorch,206407
2023,7,scikit-learn,39374494
2023,7,scipy,58953094
2023,7,scrapy,1109780
2023,7,seaborn,10051830
2023,7,selenium,11250239
2023,7,streamlit,2004909
2023,7,tensorflow,16510230
2023,7,torch,10872292
2023,7,xgboost,10412536
2023,8,altair,14932405
2023,8,beautifulsoup,659893
2023,8,bokeh,5937329
2023,8,dash,2111419
2023,8,django,13132836
2023,8,flask,99191329
2023,8,keras,11824610
2023,8,lightgbm,6820518
2023,8,matplotlib,39991677
2023,8,numpy,187383947
2023,8,pandas,138721360
2023,8,plotly,12678764
2023,8,polars,1743706
2023,8,pymc3,436030
2023,8,pyspark,25903666
2023,8,pytorch,202662
2023,8,scikit-learn,44871907
2023,8,scipy,66035141
2023,8,scrapy,1292605
2023,8,seaborn,10457218
2023,8,selenium,12331785
2023,8,streamlit,2799024
2023,8,tensorflow,17149210
2023,8,torch,12381982
2023,8,xgboost,10389890
2023,9,altair,15499522
2023,9,beautifulsoup,622635
2023,9,bokeh,3521531
2023,9,dash,2084208
2023,9,django,12789726
2023,9,flask,98558073
2023,9,keras,12090907
2023,9,lightgbm,6891397
2023,9,matplotlib,39303082
2023,9,numpy,181137164
2023,9,pandas,136012880
2023,9,plotly,10705790
2023,9,polars,2330666
2023,9,pymc3,449499
2023,9,pyspark,24552605
2023,9,pytorch,200034
2023,9,scikit-learn,41399943
2023,9,scipy,60176871
2023,9,scrapy,1274278
2023,9,seaborn,9561693
2023,9,selenium,11508259
2023,9,streamlit,2247318
2023,9,tensorflow,17138234
2023,9,torch,12186054
2023,9,xgboost,10349292
2023,10,altair,14215740
2023,10,beautifulsoup,622298
2023,10,bokeh,3587772
2023,10,dash,2342461
2023,10,django,14183286
2023,10,flask,108087214
2023,10,keras,13617010
2023,10,lightgbm,7257765
2023,10,matplotlib,44769046
2023,10,numpy,205243710
2023,10,pandas,150354240
2023,10,plotly,11686443
2023,10,polars,2874949
2023,10,pymc3,503540
2023,10,pyspark,26988149
2023,10,pytorch,221689
2023,10,scikit-learn,46216634
2023,10,scipy,67452335
2023,10,scrapy,1699567
2023,10,seaborn,12942644
2023,10,selenium,12722590
2023,10,streamlit,2743937
2023,10,tensorflow,18453673
2023,10,torch,15434111
2023,10,xgboost,11879787
2023,11,altair,15043674
2023,11,beautifulsoup,664616
2023,11,bokeh,3654394
2023,11,dash,2242704
2023,11,django,13633760
2023,11,flask,105320141
2023,11,keras,13302205
2023,11,lightgbm,6781186
2023,11,matplotlib,45508686
2023,11,numpy,205933251
2023,11,pandas,147923892
2023,11,plotly,11602009
2023,11,polars,2792478
2023,11,pymc3,510295
2023,11,pyspark,26634721
2023,11,pytorch,228461
2023,11,scikit-learn,45071251
2023,11,scipy,67114296
2023,11,scrapy,1451245
2023,11,seaborn,12460169
2023,11,selenium,12770847
2023,11,streamlit,3044370
2023,11,tensorflow,17427597
2023,11,torch,16057531
2023,11,xgboost,10936525
2023,12,altair,15918553
2023,12,beautifulsoup,776899
2023,12,bokeh,3971373
2023,12,dash,2168286
2023,12,django,11732124
2023,12,flask,94381508
2023,12,keras,13526439
2023,12,lightgbm,6757481
2023,12,matplotlib,46901433
2023,12,numpy,208558504
2023,12,pandas,151553549
2023,12,plotly,11256692
2023,12,polars,3497746
2023,12,pymc3,544608
2023,12,pyspark,28033850
2023,12,pytorch,221489
2023,12,scikit-learn,44967246
2023,12,scipy,70366776
2023,12,scrapy,1312761
2023,12,seaborn,12290987
2023,12,selenium,12541506
2023,12,streamlit,3132784
2023,12,tensorflow,17218756
2023,12,torch,16165205
2023,12,xgboost,11696687
2024,1,altair,16750178
2024,1,beautifulsoup,601184
2024,1,bokeh,3836455
2024,1,dash,2502043
2024,1,django,13259898
2024,1,flask,100298518
2024,1,keras,14353189
2024,1,lightgbm,7280076
2024,1,matplotlib,54650797
2024,1,numpy,229318181
2024,1,pandas,166528246
2024,1,plotly,12301482
2024,1,polars,3729717
2024,1,pymc3,686849
2024,1,pyspark,30669584
2024,1,pytorch,225130
2024,1,scikit-learn,51034994
2024,1,scipy,79652668
2024,1,scrapy,1260504
2024,1,seaborn,14280984
2024,1,selenium,13631425
2024,1,streamlit,3316674
2024,1,tensorflow,18462521
2024,1,torch,18573134
2024,1,xgboost,12695284
2024,2,altair,21419862
2024,2,beautifulsoup,617137
2024,2,bokeh,4438084
2024,2,dash,2692695
2024,2,django,14132946
2024,2,flask,97099707
2024,2,keras,15509170
2024,2,lightgbm,7773438
2024,2,matplotlib,56423191
2024,2,numpy,235148179
2024,2,pandas,167506217
2024,2,plotly,12686077
2024,2,polars,3641464
2024,2,pymc3,759459
2024,2,pyspark,27550331
2024,2,pytorch,206240
2024,2,scikit-learn,53101337
2024,2,scipy,84357258
2024,2,scrapy,1253936
2024,2,seaborn,15526516
2024,2,selenium,13903938
2024,2,streamlit,5205684
2024,2,tensorflow,19139463
2024,2,torch,19865089
2024,2,xgboost,14265659
2024,3,altair,24060436
2024,3,beautifulsoup,624287
2024,3,bokeh,5207533
2024,3,dash,3010856
2024,3,django,15594602
2024,3,flask,109143076
2024,3,keras,18555908
2024,3,lightgbm,8380450
2024,3,matplotlib,63451757
2024,3,numpy,264583938
2024,3,pandas,206047362
2024,3,plotly,15249923
2024,3,polars,5253048
2024,3,pymc3,887824
2024,3,pyspark,31171169
2024,3,pytorch,245019
2024,3,scikit-learn,67726484
2024,3,scipy,104089006
2024,3,scrapy,1606411
2024,3,seaborn,18734451
2024,3,selenium,17112635
2024,3,streamlit,4973729
2024,3,tensorflow,23765715
2024,3,torch,26206446
2024,3,xgboost,19721423
2024,4,altair,24254339
2024,4,beautifulsoup,762816
2024,4,bokeh,5438248
2024,4,dash,2943696
2024,4,django,15785895
2024,4,flask,95826169
2024,4,keras,18340631
2024,4,lightgbm,7961345
2024,4,matplotlib,65643822
2024,4,numpy,273874895
2024,4,pandas,213008389
2024,4,plotly,16474034
2024,4,polars,7051666
2024,4,pymc3,886354
2024,4,pyspark,29858442
2024,4,pytorch,259377
2024,4,scikit-learn,69039091
2024,4,scipy,108510321
2024,4,scrapy,1418467
2024,4,seaborn,17828263
2024,4,selenium,17227037
2024,4,streamlit,4441119
2024,4,tensorflow,23044481
2024,4,torch,29855692
2024,4,xgboost,19727653
2024,5,altair,25054242
2024,5,beautifulsoup,632206
2024,5,bokeh,4783189
2024,5,dash,3095146
2024,5,django,16326689
2024,5,flask,74340431
2024,5,keras,18361502
2024,5,lightgbm,8032762
2024,5,matplotlib,69156571
2024,5,numpy,291082113
2024,5,pandas,241204232
2024,5,plotly,16613160
2024,5,polars,7699417
2024,5,pymc3,921341
2024,5,pyspark,29896214
2024,5,pytorch,274117
2024,5,scikit-learn,72290877
2024,5,scipy,114069738
2024,5,scrapy,1652256
2024,5,seaborn,18139036
2024,5,selenium,17506393
2024,5,streamlit,5238935
2024,5,tensorflow,22864598
2024,5,torch,31389515
2024,5,xgboost,20735753
2024,6,altair,21621919
2024,6,beautifulsoup,587494
2024,6,bokeh,4297210
2024,6,dash,2734214
2024,6,django,16002170
2024,6,flask,76291613
2024,6,keras,16379725
2024,6,lightgbm,8351726
2024,6,matplotlib,64340348
2024,6,numpy,287597572
2024,6,pandas,229924785
2024,6,plotly,15658381
2024,6,polars,7363306
2024,6,pymc3,905446
2024,6,pyspark,29293521
2024,6,pytorch,259947
2024,6,scikit-learn,69824222
2024,6,scipy,113809060
2024,6,scrapy,1438928
2024,6,seaborn,17838780
2024,6,selenium,17844645
2024,6,streamlit,5442502
2024,6,tensorflow,20688277
2024,6,torch,30192145
2024,6,xgboost,20026517
2024,7,altair,22830409
2024,7,beautifulsoup,596599
2024,7,bokeh,4581865
2024,7,dash,3231088
2024,7,django,19821347
2024,7,flask,87575985
2024,7,keras,15547135
2024,7,lightgbm,9314446
2024,7,matplotlib,70416692
2024,7,numpy,323036096
2024,7,pandas,250653302
2024,7,plotly,17644433
2024,7,polars,7474516
2024,7,pymc3,518005
2024,7,pyspark,30799224
2024,7,pytorch,258256
2024,7,scikit-learn,74889246
2024,7,scipy,119233018
2024,7,scrapy,1437718
2024,7,seaborn,18702573
2024,7,selenium,23342318
2024,7,streamlit,5622892
2024,7,tensorflow,19955913
2024,7,torch,31997652
2024,7,xgboost,20386702
2024,8,altair,22705689
2024,8,beautifulsoup,598808
2024,8,bokeh,4602225
2024,8,dash,3410531
2024,8,django,19363595
2024,8,flask,95549980
2024,8,keras,14420227
2024,8,lightgbm,10394835
2024,8,matplotlib,75310828
2024,8,numpy,335578694
2024,8,pandas,269670112
2024,8,plotly,18276982
2024,8,polars,7994878
2024,8,pymc3,277397
2024,8,pyspark,31093921
2024,8,pytorch,240992
2024,8,scikit-learn,76532096
2024,8,scipy,126394713
2024,8,scrapy,1572318
2024,8,seaborn,18942675
2024,8,selenium,20091762
2024,8,streamlit,5812899
2024,8,tensorflow,18982179
2024,8,torch,37054534
2024,8,xgboost,21804380
2024,9,altair,22586734
2024,9,beautifulsoup,562934
2024,9,bokeh,4381358
2024,9,dash,3359454
2024,9,django,20875940
2024,9,flask,106006867
2024,9,keras,13829271
2024,9,lightgbm,9865019
2024,9,matplotlib,78191741
2024,9,numpy,334336861
2024,9,pandas,276685323
2024,9,plotly,19497823
2024,9,polars,9290103
2024,9,pymc3,276385
2024,9,pyspark,30036347
2024,9,pytorch,220650
2024,9,scikit-learn,74654827
2024,9,scipy,127019716
2024,9,scrapy,1591141
2024,9,seaborn,19095724
2024,9,selenium,20818636
2024,9,streamlit,6263135
2024,9,tensorflow,17459552
2024,9,torch,34089303
2024,9,xgboost,23528972